{"accuracy": [0.6335728168487549, 0.8462621569633484, 0.8990113139152527, 0.9217725396156311, 0.9345330595970154, 0.9470374584197998, 0.95403653383255, 0.9595134854316711, 0.964293360710144, 0.9670957922935486, 0.9700547456741333, 0.973127543926239, 0.9738530516624451, 0.975332498550415, 0.9780212044715881, 0.9787467122077942, 0.9804396033287048, 0.9812504649162292, 0.9823884963989258], "loss": [1.2818148136138916, 0.5018005967140198, 0.325505793094635, 0.24799661338329315, 0.20059238374233246, 0.16470180451869965, 0.14246045053005219, 0.12738552689552307, 0.11015646159648895, 0.10069151967763901, 0.09227092564105988, 0.08406872302293777, 0.07863060384988785, 0.07234541326761246, 0.06534568965435028, 0.06369776278734207, 0.059546057134866714, 0.05642758682370186, 0.05475055053830147], "val_accuracy": [0.7681539058685303, 0.8903368711471558, 0.7588208317756653, 0.9036535620689392, 0.9139540195465088, 0.9484975934028625, 0.9020031690597534, 0.9438880085945129, 0.916344165802002, 0.9097427725791931, 0.9510015845298767, 0.9603915214538574, 0.9227179884910583, 0.974732518196106, 0.9176530838012695, 0.9614158868789673, 0.9637491703033447, 0.9697245359420776, 0.9552697539329529], "val_loss": [0.7713261842727661, 0.3545108735561371, 0.7799376249313354, 0.3009108006954193, 0.2628409266471863, 0.15621407330036163, 0.2819366753101349, 0.16851294040679932, 0.2519093155860901, 0.2791701555252075, 0.1424361616373062, 0.11731572449207306, 0.24309362471103668, 0.07628292590379715, 0.2584037482738495, 0.10917283594608307, 0.11285465955734253, 0.09273495525121689, 0.1362185776233673]}